{"auc_avg_final": 0.7206523024658135, "auc_std_final": 0.00722223127973583, "auc_min_avg_final": 0.681791754756871, "auc_min_std_final": 0.010133847682298473, "auc_macro_avg_final": 0.7246440811850369, "auc_macro_std_final": 0.007487867840399241, "auc_auc_minority_avg": 0.7024302477014462, "auc_auc_minority_std": 0.009631871529566155, "tn": 814.7, "fp": 338.3, "fn": 373.7, "tp": 638.3, "posnegs_avg": [814.7, 338.3, 373.7, 638.3], "acc_avg": [0.616102819933564, 0.643207871543216, 0.6464426877470356, 0.6545626806166418, 0.6570630319942135, 0.666382336506587, 0.667867549509957, 0.6704586591431873, 0.6790884922988321, 0.6852907349447566, 0.6862068448350925, 0.6872653483437261, 0.6896644429894174, 0.6932226122608491, 0.6972792234727073, 0.6988030451580172, 0.6974550408112193, 0.700780872376238, 0.7029150626137692, 0.70420020465601, 0.7046978324288931, 0.7052851043334283, 0.7073939696752586, 0.7077701579313631, 0.7094964073785862, 0.7109455399044938, 0.7098579834698279, 0.7100484129732029, 0.7113130294231581, 0.7139876126550775, 0.7142874834166925, 0.7153910660966922, 0.7155962363177002, 0.7166605247009864, 0.7183512078818274, 0.7166791648526443, 0.7151933947872708, 0.716519288057619, 0.7166878635900847, 0.7176210709988379, 0.717737068448351, 0.7162731095029634, 0.7156773959665284, 0.7171805206558591, 0.71666913773658, 0.7166971193895286, 0.7176091155912226, 0.7177601222451141, 0.7156175332266059, 0.7141761138669016, 0.7159788522123074, 0.7178169854204018, 0.7187487358977611, 0.7182256975273303, 0.717825041393992, 0.719448448625171, 0.7187919296284997, 0.7191039700523468, 0.7187658762671019, 0.7188223537840793, 0.7197794720080629, 0.7198194519195498, 0.7196123962579145, 0.7205934681480517, 0.7207209924959462, 0.7200090244044578, 0.7200794284715246, 0.7194576615736916, 0.7196908134476482, 0.7194405640552743, 0.720311680476091, 0.7202552458100366, 0.7191344370588497, 0.7197483193867861, 0.7204434899163206, 0.720482998467651, 0.7197168239581225, 0.7186207401897097, 0.7183742188276673, 0.71786733525534, 0.7177626504495918, 0.7187809597921215, 0.7179505945994125, 0.7176269415753371, 0.7182310967436726, 0.7198860851053618, 0.7191022988663359, 0.7185385092677977, 0.7197396206493457, 0.7201822278366454, 0.7203028960368038, 0.7208354044612955, 0.7204912686958579, 0.7206523024658135]}