{"auc_avg_final": 0.7212221768954676, "auc_std_final": 0.006451818966523544, "auc_min_avg_final": 0.6856304227353786, "auc_min_std_final": 0.008588752723702872, "auc_macro_avg_final": 0.725915274992224, "auc_macro_std_final": 0.006502261522621927, "auc_auc_minority_avg": 0.7016306660041376, "auc_auc_minority_std": 0.007032603507224907, "tn": 801.9, "fp": 351.1, "fn": 381.6, "tp": 630.4, "posnegs_avg": [801.9, 351.1, 381.6, 630.4], "acc_avg": [0.6006622181694772, 0.6402158058201838, 0.6494061719041923, 0.6582359903191194, 0.6646068941993561, 0.6661481562104701, 0.6719991498376807, 0.676699553321975, 0.6825020397039514, 0.6841446869997155, 0.6858221720961644, 0.6895023807973014, 0.6908922076452902, 0.6946587181060577, 0.694827850700527, 0.6960348326585741, 0.7006170961471878, 0.6999833738417396, 0.702437660476708, 0.7040510405918227, 0.706563304526086, 0.7069093685830742, 0.7057939590482295, 0.7097000349663535, 0.7108814349231598, 0.7106685943868719, 0.7116250269960818, 0.7135423915614535, 0.7137344922508391, 0.7111867049011172, 0.7133661885646313, 0.7142188362374832, 0.7116759338930234, 0.713953931829323, 0.7141743141281208, 0.7153640700149808, 0.7151318608613378, 0.7172098735383551, 0.7140015392051668, 0.7147038229879777, 0.7148388890983822, 0.714249260393063, 0.7159422575237651, 0.7169667802501809, 0.7175729494119139, 0.7154855523826827, 0.7138032251318951, 0.7153685693619326, 0.7157456574874275, 0.7173430542081322, 0.7116353969195328, 0.7157665258870998, 0.7173157153190337, 0.7162463705267921, 0.7135374637052678, 0.7156646263913695, 0.7135617601788083, 0.7173121586923955, 0.717855765506035, 0.7177519805696773, 0.7190858441117689, 0.7186478219732678, 0.7176147719131052, 0.7162715240187996, 0.7171449115385539, 0.7171085311046281, 0.7153423445968413, 0.7168326140091665, 0.717939710464881, 0.7161211601287585, 0.715927859613519, 0.7161309729902059, 0.7172582950817425, 0.7155311886160522, 0.7166986620227693, 0.716332972242886, 0.715078982821922, 0.7143187217398161, 0.7163121895450604, 0.7145054660637827, 0.7169552533517991, 0.7189447788720953, 0.7195488911895074, 0.7185788748375951, 0.7186368092859666, 0.7196963840676839, 0.7187648906958647, 0.7179781477431276, 0.7209158356444264, 0.7197672166439842, 0.7190448357781214, 0.7208228919916767, 0.7204394619295257, 0.7212221768954676]}