{"auc_avg_final": 0.8206750624796652, "auc_std_final": 0.007159448805971145, "auc_min_avg_final": 0.7571974522292994, "auc_min_std_final": 0.006510250371035423, "auc_macro_avg_final": 0.8098601423217865, "auc_macro_std_final": 0.007228838474482061, "auc_auc_minority_avg": 0.8266059686393525, "auc_auc_minority_std": 0.005741946050105586, "tn": 642.5, "fp": 925.5, "fn": 236.8, "tp": 6161.2, "posnegs_avg": [642.5, 925.5, 236.8, 6161.2], "acc_avg": [0.6339915644477546, 0.7027547272425694, 0.7133373401525349, 0.7184427053096949, 0.7212054019990303, 0.726782579337612, 0.7292948789002942, 0.7319038136120344, 0.7348136136292591, 0.7367860691478842, 0.738633535431991, 0.7403732970603059, 0.7424373040283635, 0.743198996736863, 0.7450249370418691, 0.7459624360450652, 0.7478935889962424, 0.7484016599176402, 0.7499428332993091, 0.7501790259711264, 0.7512528528526132, 0.7512210697619154, 0.7525769672123304, 0.7549256264712826, 0.7541947599217869, 0.7566254810575372, 0.7582253013936114, 0.7569190846469879, 0.7589817509138698, 0.7569724634930559, 0.7593435608066297, 0.7608006587677271, 0.7610858393646611, 0.7619511847213096, 0.7635753171032402, 0.763934909107438, 0.7633890792562725, 0.7653159908070764, 0.7670576164585874, 0.7663831789749348, 0.762621420676742, 0.7656207237114914, 0.7684224452714816, 0.7666159227054373, 0.7688201401027746, 0.7689524508615575, 0.7712624540672788, 0.7703476622557431, 0.7719348829911772, 0.7731166437933411, 0.7628536012130704, 0.7640256680978111, 0.7657721930402358, 0.7681818168225402, 0.7696764843206741, 0.767917544186321, 0.7739506496370039, 0.7735308058242053, 0.7729687928625656, 0.7745099662442345, 0.7747544423560296, 0.7754543980181945, 0.7741525373043873, 0.772620594326352, 0.7792397058072995, 0.7809128958906163, 0.78142978852607, 0.7813452545757283, 0.7788780005789436, 0.7840790290014099, 0.7807953677329013, 0.7838763139868327, 0.7827506483212228, 0.784464263784601, 0.785310216322384, 0.7864767908179214, 0.7864833497872421, 0.7870299770814859, 0.7876930310651926, 0.786843998403519, 0.7899967494226513, 0.7914769333608717, 0.7878876221284077, 0.7886006757931369, 0.7881984106162002, 0.7899965251417853, 0.7896629247979279, 0.7927166433547472, 0.7934831306897563, 0.7902020112710605, 0.7952291073900646, 0.7945749947368757, 0.7937837866664329, 0.7951517155392949, 0.7967329355155628, 0.7977709821229211, 0.7960548596978648, 0.7977108947869551, 0.7989800553505242, 0.7998728925573042, 0.7997399687641547, 0.8000303825812913, 0.7983648080793744, 0.8000417660812371, 0.8005407012953665, 0.7987138887869933, 0.802913468255386, 0.802511965633393, 0.803959095556009, 0.8015906696767484, 0.8030575761877117, 0.8032468542864161, 0.8036167283223075, 0.8053244975311162, 0.8050239063466901, 0.8059506099642106, 0.8023630929786731, 0.8057617654751803, 0.8078680070222838, 0.8058772501850069, 0.8065445704891834, 0.8068487202633478, 0.8075427399585967, 0.807245453178927, 0.8072831423324253, 0.8082190065773105, 0.808575862354945, 0.8105933135992751, 0.8102087068025086, 0.8098613007253542, 0.812324746931439, 0.8113486267631466, 0.8109981156420055, 0.8112366308667889, 0.8097773200011484, 0.8107040485387651, 0.8106277930443826, 0.8116828899815631, 0.8124254540242168, 0.8111491613291143, 0.8122007744368457, 0.8128365458992288, 0.8125612585804876, 0.8108032554417516, 0.8143085361098175, 0.8128639181328987, 0.8142701641456833, 0.8137029129798214, 0.8140835225931573, 0.8146673456229945, 0.8143862569058571, 0.8139826809318601, 0.8126947106796768, 0.8146793720614223, 0.8157715351496961, 0.8159711002641131, 0.815483972191565, 0.8156088467936409, 0.813873331549719, 0.8170593658493406, 0.8155379441359226, 0.8161454063690183, 0.8148076706847165, 0.8163988238113313, 0.8162282607048759, 0.8173168004111616, 0.8174941617198614, 0.8168019711596738, 0.816595004776684, 0.8162123816195749, 0.8174932745644365, 0.8162372319395093, 0.8175190170238148, 0.817463838946801, 0.8183523898970343, 0.8167785711893385, 0.8183430149568423, 0.8178347845468291, 0.8191560031913673, 0.8182787759328489, 0.8195442632742376, 0.8197559744435441, 0.8195635962848723, 0.8188292708260235, 0.8185434124024727, 0.8189470432006812, 0.8206661909254167, 0.8196977311946974, 0.8198116509224823, 0.8189530240237701, 0.8188093546851375, 0.8165042806744454, 0.8199885437333734, 0.8184436423053123, 0.8199980333060075, 0.8187485895225549, 0.8202417319108012, 0.8206750624796652]}