{"auc_avg_final": 0.818904280315596, "auc_std_final": 0.008097672827036037, "auc_min_avg_final": 0.7631673422119283, "auc_min_std_final": 0.006489909081265479, "auc_macro_avg_final": 0.8092386005320271, "auc_macro_std_final": 0.008111784007983798, "auc_auc_minority_avg": 0.8240143865997431, "auc_auc_minority_std": 0.007601809450629136, "tn": 608.2, "fp": 959.8, "fn": 215.4, "tp": 6182.6, "posnegs_avg": [608.2, 959.8, 215.4, 6182.6], "acc_avg": [0.6293218723485018, 0.701458119685042, 0.716395648991075, 0.7218353969831133, 0.7254539644085206, 0.7299601158844282, 0.7318878747185027, 0.7349306134809348, 0.7360349874163481, 0.7383818424603351, 0.740402309036306, 0.7418759489572634, 0.7426832105536807, 0.7444140657396126, 0.7447647961576004, 0.7447157833123872, 0.7479072252728851, 0.749730225006539, 0.7486229653239851, 0.7504603389691293, 0.752384893078832, 0.752882761712844, 0.7533624336926081, 0.7552321785427206, 0.755923367315041, 0.7576382935754795, 0.757948080275405, 0.757691124179431, 0.7596294441502764, 0.7594389549348968, 0.7598820591654919, 0.7613166492956982, 0.7618288868571811, 0.7633118070219648, 0.7646967264164184, 0.7660833054892793, 0.7647467809216529, 0.7660286158461509, 0.7688065935384782, 0.7665604854594229, 0.7693232519250276, 0.7663804228122946, 0.767220359638854, 0.7699994138793372, 0.7698424471773705, 0.7742401513786195, 0.7710456043741348, 0.7746404478679562, 0.7749878688971681, 0.7722408569163833, 0.7758945467253797, 0.7783475264910591, 0.777587807454179, 0.7795785543234172, 0.7763860407987828, 0.7771743930262007, 0.781181090949978, 0.7812339614260834, 0.7808379262731977, 0.782559416486976, 0.7825132345646917, 0.7831186433818603, 0.7832927999661884, 0.7813588858683518, 0.7844841450373522, 0.7856117494864467, 0.7833861755666631, 0.7874403911298812, 0.7839287359012063, 0.7847487914750145, 0.7882495416695907, 0.7862694406654503, 0.7860769428903167, 0.7890477871752015, 0.7885191322543397, 0.7893252226062354, 0.787652062427034, 0.7890055825002712, 0.7913718702352776, 0.7907251389145843, 0.7910510140286185, 0.7933422374498408, 0.7925865405164878, 0.7926660505754348, 0.7948921228971426, 0.7935873664681565, 0.7960919258489578, 0.7962933450185326, 0.7972888380696135, 0.7971796282400112, 0.7964466036101844, 0.7951918219421248, 0.7964214692011534, 0.7986332074835247, 0.7978788462673285, 0.797963813827344, 0.8000029804435058, 0.7999940141928918, 0.7984471739813463, 0.8000157345487431, 0.8003389382284644, 0.8014695829292956, 0.8005960737491307, 0.7978402898944823, 0.8013259534628169, 0.8017562537479825, 0.803857531211922, 0.8035368743660329, 0.8045899428073824, 0.8007617973729033, 0.8030256585284942, 0.8048328489531167, 0.8048580930105709, 0.8007682118056664, 0.8060229480194703, 0.8061304084583192, 0.8041647212378231, 0.8015883371557437, 0.804621616249657, 0.8038315495196203, 0.8035967872613252, 0.8067016219194774, 0.806733564498791, 0.8078540268483136, 0.8066668882893888, 0.8074618941824931, 0.808405927234914, 0.8088901695603218, 0.8079675329025013, 0.8088625680617667, 0.8099318694537834, 0.8098320345643728, 0.8087758810151131, 0.8080941867994461, 0.8088860378083712, 0.808229433145562, 0.8103025857889262, 0.8052371426258844, 0.8104085261019067, 0.8113419531613832, 0.8097425415148868, 0.8116104223418033, 0.8119586457981128, 0.811078527808435, 0.8122601939142335, 0.8064882759918597, 0.8120965336744265, 0.8099232171963815, 0.8108375554621663, 0.8119073353200298, 0.8124196825299361, 0.8126281740228132, 0.814480798766834, 0.8120248086535332, 0.8132846391330837, 0.8133741271985506, 0.8102831281778107, 0.8134758161431188, 0.8139335534542045, 0.814493737280783, 0.8124443932973314, 0.8149275662515709, 0.8149647021789335, 0.8095183702974781, 0.8138072783427219, 0.8144352199108778, 0.8136056398763006, 0.8155347443955702, 0.8153947084069639, 0.814841347702726, 0.8153471110232152, 0.8147262617144388, 0.8159301465780124, 0.8148205842785691, 0.8165599521693642, 0.8164840156522126, 0.8175411460692436, 0.8108055082184483, 0.816360282390543, 0.8164995558242054, 0.8152125524717544, 0.8178751600866981, 0.8152717028121034, 0.8188945365579805, 0.8180187446970034, 0.8181043601795205, 0.8177972349458695, 0.8174114419525234, 0.8190906427630444, 0.8181359738135642, 0.8190554655552436, 0.8188948405831541, 0.8169465027336349, 0.8160685677443844, 0.818100856413994, 0.8182006913034048, 0.8166774255028677, 0.818904280315596]}