{"auc_avg_final": 0.7260289210233594, "auc_std_final": 0.012063197362653513, "auc_min_avg_final": 0.6647058823529413, "auc_min_std_final": 0.019457013574660637, "auc_macro_avg_final": 0.7618968837535014, "auc_macro_std_final": 0.014559299878499918, "auc_auc_minority_avg": 0.75, "auc_auc_minority_std": 0.020637972912229716, "tn": 19.5, "fp": 9.5, "fn": 9.6, "tp": 21.4, "posnegs_avg": [19.5, 9.5, 9.6, 21.4], "acc_avg": [0.7055617352614016, 0.7513904338153504, 0.7338153503893214, 0.7380422691879867, 0.7371523915461623, 0.7471635150166852, 0.7249165739710789, 0.7281423804226919, 0.7350389321468297, 0.7299221357063403, 0.7299221357063403, 0.7314794215795327, 0.7265850945494993, 0.732035595105673, 0.7233592880978865, 0.7301446051167966, 0.7271412680756395, 0.7321468298109011, 0.7302558398220246, 0.7293659621802002, 0.7239154616240266, 0.7304783092324804, 0.7328142380422692, 0.7236929922135708, 0.7311457174638486, 0.725583982202447, 0.7298109010011122, 0.7269187986651835, 0.7272525027808676, 0.7324805339265851, 0.7327030033370411, 0.728476084538376, 0.7233592880978865, 0.7313681868743048, 0.7280311457174637, 0.7338153503893214, 0.7305895439377086, 0.7312569521690768, 0.7304783092324805, 0.7283648498331479, 0.7309232480533926, 0.7314794215795327, 0.7294771968854281, 0.7292547274749722, 0.7290322580645161, 0.7333704115684092, 0.7272525027808676, 0.7284760845383759, 0.7275862068965516, 0.7293659621802002, 0.7273637374860955, 0.7263626251390434, 0.7250278086763069, 0.7276974416017797, 0.7233592880978866, 0.72146829810901, 0.7302558398220244, 0.7288097886540601, 0.7259176863181314, 0.7259176863181314, 0.7268075639599554, 0.7220244716351502, 0.725139043381535, 0.7275862068965517, 0.7231368186874305, 0.7310344827586206, 0.7172413793103448, 0.7206896551724138, 0.7266963292547274, 0.7233592880978865, 0.7278086763070079, 0.7195773081201334, 0.7233592880978865, 0.7240266963292548, 0.728476084538376, 0.725139043381535, 0.7248053392658509, 0.7225806451612903, 0.7233592880978865, 0.7225806451612903, 0.7262513904338153, 0.7231368186874303, 0.7240266963292546, 0.7293659621802002, 0.7258064516129032, 0.7234705228031145, 0.7231368186874304, 0.7238042269187985, 0.7233592880978865, 0.721913236929922, 0.7228031145717464, 0.7232480533926584, 0.7221357063403782, 0.7263626251390434, 0.7233592880978865, 0.7199110122358175, 0.7263626251390434, 0.7256952169076751, 0.7232480533926584, 0.725583982202447, 0.7243604004449388, 0.7232480533926585, 0.7223581757508342, 0.7228031145717463, 0.7213570634037819, 0.7255839822024471, 0.7239154616240266, 0.7254727474972192, 0.7250278086763069, 0.7243604004449389, 0.7244716351501668, 0.7270300333704116, 0.7236929922135706, 0.7256952169076751, 0.724694104560623, 0.7234705228031145, 0.7255839822024471, 0.724805339265851, 0.7265850945494994, 0.7254727474972191, 0.7235817575083426, 0.7261401557285874, 0.7235817575083426, 0.7242491657397108, 0.728476084538376, 0.7233592880978865, 0.7221357063403782, 0.728476084538376, 0.7245828698553949, 0.7266963292547275, 0.7244716351501668, 0.725472747497219, 0.7239154616240266, 0.7273637374860956, 0.7238042269187985, 0.7261401557285874, 0.7228031145717464, 0.7226918798665183, 0.725250278086763, 0.7242491657397108, 0.7235817575083426, 0.724805339265851, 0.7259176863181313, 0.724694104560623, 0.7261401557285873, 0.7232480533926585, 0.721913236929922, 0.7246941045606228, 0.7241379310344828, 0.7233592880978866, 0.7250278086763071, 0.7263626251390434, 0.7236929922135706, 0.7243604004449387, 0.725472747497219, 0.7249165739710791, 0.725250278086763, 0.7226918798665183, 0.7240266963292548, 0.7261401557285873, 0.7241379310344828, 0.725027808676307, 0.7265850945494995, 0.7229143492769745, 0.7263626251390434, 0.7231368186874304, 0.725472747497219, 0.724805339265851, 0.7269187986651835, 0.7254727474972191, 0.725139043381535, 0.725250278086763, 0.7259176863181313, 0.7259176863181311, 0.7248053392658509, 0.7244716351501668, 0.725583982202447, 0.7269187986651835, 0.728142380422692, 0.724694104560623, 0.7256952169076751, 0.7262513904338153, 0.7238042269187988, 0.7258064516129032, 0.7263626251390434, 0.7270300333704116, 0.7256952169076751, 0.7232480533926585, 0.7260289210233594, 0.7260289210233593, 0.7260289210233593, 0.7262513904338154, 0.7253615127919911, 0.7266963292547275, 0.7258064516129032, 0.7260289210233593, 0.7248053392658509, 0.7260289210233594]}