{"auc_avg_final": 0.7262513904338154, "auc_std_final": 0.014960550954346693, "auc_min_avg_final": 0.6624434389140272, "auc_min_std_final": 0.02282266101885701, "auc_macro_avg_final": 0.7610456842993607, "auc_macro_std_final": 0.016296928985508153, "auc_auc_minority_avg": 0.7433333333333334, "auc_auc_minority_std": 0.02555555555555558, "tn": 19.5, "fp": 9.5, "fn": 9.4, "tp": 21.6, "posnegs_avg": [19.5, 9.5, 9.4, 21.6], "acc_avg": [0.6992213570634037, 0.7449388209121246, 0.7505005561735262, 0.7516129032258065, 0.7487208008898776, 0.7163515016685207, 0.739599555061179, 0.7374860956618464, 0.7360400444938822, 0.7309232480533927, 0.7358175750834259, 0.728698553948832, 0.7373748609566183, 0.724694104560623, 0.7262513904338154, 0.72880978865406, 0.7311457174638486, 0.7269187986651835, 0.725139043381535, 0.7322580645161291, 0.7283648498331479, 0.7272525027808676, 0.7313681868743048, 0.7255839822024471, 0.7307007786429367, 0.7317018909899888, 0.7311457174638487, 0.7327030033370411, 0.7304783092324805, 0.728364849833148, 0.7296996662958842, 0.7303670745272525, 0.7300333704115685, 0.7322580645161291, 0.7261401557285873, 0.7332591768631814, 0.7328142380422691, 0.72825361512792, 0.7314794215795328, 0.7294771968854282, 0.7329254727474972, 0.7274749721913236, 0.7315906562847608, 0.7315906562847607, 0.7322580645161291, 0.7337041156840932, 0.7302558398220244, 0.7258064516129031, 0.7295884315906562, 0.7348164627363737, 0.7307007786429367, 0.732146829810901, 0.7335928809788654, 0.7280311457174639, 0.7295884315906562, 0.7332591768631812, 0.7335928809788654, 0.7334816462736374, 0.7300333704115683, 0.7295884315906562, 0.7300333704115685, 0.7281423804226919, 0.7276974416017798, 0.7310344827586206, 0.7314794215795328, 0.7279199110122359, 0.728364849833148, 0.7314794215795327, 0.7260289210233594, 0.7288097886540601, 0.7312569521690767, 0.728031145717464, 0.7292547274749723, 0.7264738598442714, 0.7293659621802001, 0.7275862068965517, 0.7268075639599554, 0.7265850945494994, 0.728698553948832, 0.7300333704115685, 0.7272525027808675, 0.7233592880978865, 0.728364849833148, 0.7279199110122359, 0.7234705228031146, 0.7295884315906563, 0.7301446051167964, 0.7280311457174639, 0.7298109010011123, 0.7260289210233593, 0.7256952169076752, 0.725139043381535, 0.7268075639599555, 0.7303670745272525, 0.7259176863181313, 0.7304783092324806, 0.7260289210233593, 0.7263626251390434, 0.728476084538376, 0.7294771968854283, 0.728698553948832, 0.725139043381535, 0.7265850945494993, 0.7261401557285874, 0.7253615127919911, 0.7260289210233593, 0.7274749721913236, 0.7270300333704116, 0.7279199110122359, 0.724916573971079, 0.728364849833148, 0.7221357063403782, 0.7260289210233593, 0.7275862068965517, 0.7263626251390435, 0.725139043381535, 0.7261401557285873, 0.7253615127919909, 0.7274749721913236, 0.724805339265851, 0.7263626251390434, 0.7264738598442715, 0.728364849833148, 0.7243604004449388, 0.7260289210233593, 0.7241379310344828, 0.7260289210233593, 0.7271412680756396, 0.7261401557285874, 0.7255839822024471, 0.7246941045606229, 0.7253615127919912, 0.7258064516129031, 0.7255839822024471, 0.7238042269187986, 0.7241379310344828, 0.725250278086763, 0.7244716351501668, 0.7269187986651835, 0.7238042269187986, 0.7264738598442714, 0.725139043381535, 0.7244716351501669, 0.7241379310344827, 0.7236929922135706, 0.7256952169076752, 0.7239154616240266, 0.7232480533926584, 0.7249165739710788, 0.7250278086763069, 0.7261401557285871, 0.7259176863181314, 0.7245828698553949, 0.7255839822024471, 0.724916573971079, 0.7222469410456063, 0.7258064516129032, 0.7263626251390434, 0.7243604004449387, 0.7260289210233591, 0.7242491657397109, 0.7260289210233591, 0.7242491657397108, 0.725361512791991, 0.7239154616240266, 0.7254727474972189, 0.7246941045606229, 0.7268075639599556, 0.7245828698553949, 0.7249165739710789, 0.7249165739710791, 0.7259176863181311, 0.7254727474972191, 0.725472747497219, 0.7260289210233593, 0.7239154616240266, 0.725472747497219, 0.7241379310344828, 0.7238042269187986, 0.7253615127919909, 0.7254727474972192, 0.7250278086763069, 0.7236929922135706, 0.7274749721913237, 0.724916573971079, 0.7238042269187986, 0.725472747497219, 0.725027808676307, 0.7260289210233593, 0.725250278086763, 0.7258064516129032, 0.7259176863181313, 0.7244716351501669, 0.725583982202447, 0.725027808676307, 0.724805339265851, 0.7238042269187986, 0.7262513904338154]}