{"auc_avg_final": 0.9038476541876312, "auc_std_final": 0.002186684973672563, "auc_min_avg_final": 0.9017553028063192, "auc_min_std_final": 0.0034497817514160087, "auc_macro_avg_final": 0.9053352063344567, "auc_macro_std_final": 0.0025725233322567015, "auc_auc_minority_avg": 0.9083211471281174, "auc_auc_minority_std": 0.0034667521005511347, "tn": 12006.0, "fp": 429.0, "fn": 2120.2, "tp": 1725.8, "posnegs_avg": [12006.0, 429.0, 2120.2, 1725.8], "acc_avg": [0.8604925801374638, 0.8711035021215887, 0.8781418582034798, 0.8817712845224707, 0.8845288239354263, 0.8857619067931193, 0.8870981448827717, 0.8894306890892445, 0.8903280992518351, 0.891230864353191, 0.8920045369567096, 0.8926166779682847, 0.8935520902138862, 0.8937441696300743, 0.8947482750134291, 0.8955002215368066, 0.8954494834397316, 0.8954709387410477, 0.8962622830606831, 0.8962694487674965, 0.8970841469766551, 0.8969707627870858, 0.8969645881934998, 0.8971048923983498, 0.89784440505083, 0.8981125262702507, 0.8983442930801271, 0.8985381320359368, 0.8988158988361947, 0.8990792589484039, 0.8992771930418832, 0.8997004245268322, 0.8995239143703264, 0.899679421917528, 0.899439802521735, 0.8993198976853325, 0.8997362060143844, 0.8997900084077347, 0.8997944035976155, 0.8997961181816795, 0.9003309168152814, 0.90021083633856, 0.900942478631996, 0.9007564744889756, 0.9004977949821653, 0.9010161252449291, 0.9013226981029382, 0.901034357337301, 0.9016776400046751, 0.9017098909127252, 0.9014012009615889, 0.901612132438655, 0.9018081491253216, 0.9016217884742732, 0.9017189635715704, 0.9018995416833159, 0.902057090003745, 0.9020941292014367, 0.9022614381052925, 0.9019589300660888, 0.9020970816315564, 0.9025973888975664, 0.9020947700795044, 0.9024529749183532, 0.902675975394464, 0.9021098228730114, 0.9024817475208053, 0.9024048191521551, 0.9025733157191185, 0.9024775917454069, 0.9027187657671163, 0.9029130825064124, 0.903164409165832, 0.9029821290157598, 0.9032512915313555, 0.9031186820452313, 0.9021745181025574, 0.902738056928791, 0.9031279010710087, 0.903291700304924, 0.9030646224642712, 0.9032023255196391, 0.9032677672205403, 0.9032628032905794, 0.9035857608811793, 0.903230022325139, 0.903568859682413, 0.9034447258871456, 0.9035929767709406, 0.9034809464754947, 0.9037485198643974, 0.903709303981327, 0.903591863336777, 0.903705933359972, 0.9034745418767294, 0.9034635424017685, 0.9037764759484628, 0.9038701267391266, 0.903907841315663, 0.9040346348071857, 0.9038591575830303, 0.9037908334990418, 0.9032302042383265, 0.9033803098002486, 0.9035030196543609, 0.9040398381516281, 0.9036841131868034, 0.9039264225977159, 0.9039989400943146, 0.9039551721996505, 0.9042045835432132, 0.9036237253269785, 0.9039382960923582, 0.9038409233997025, 0.9040214074184199, 0.9041839938977535, 0.9037610844200555, 0.9043033425398134, 0.9039283860055651, 0.9036652977176587, 0.9042628825378186, 0.904040946358401, 0.9042328564071391, 0.9042524319388537, 0.9042362207556256, 0.904010600311427, 0.903893586221937, 0.902217224836963, 0.9039222040936323, 0.9039518392155067, 0.9040999520961941, 0.9040470488139991, 0.9041993132881728, 0.904442841726536, 0.9044280618028097, 0.9044794083681321, 0.9048332378811837, 0.9044440649358988, 0.9039392485228964, 0.904079868462129, 0.9041993352432127, 0.9041045511543018, 0.9048146722813023, 0.9043527800621474, 0.9042681224739942, 0.9043268856608708, 0.9040706619820884, 0.9042761799736164, 0.9038491439939061, 0.9043129787113479, 0.9043196342248543, 0.9044734972350241, 0.9046138348951731, 0.9040461329751943, 0.9041360555909973, 0.9039791648762854, 0.903936538643693, 0.904307007985989, 0.9041962709469378, 0.9042179844813415, 0.9043196195881611, 0.9041590801549232, 0.9047077083726695, 0.9046805029418709, 0.9042200587098674, 0.9043027277986976, 0.9042121862598668, 0.9041208062476098, 0.9034902480940412, 0.90383286067269, 0.9038793144005617, 0.9043438119511109, 0.9043010989438371, 0.9042808898524015, 0.9040848679383444, 0.9042203723532938, 0.9042305793558644, 0.9039180315905841, 0.9038999542289693, 0.9033006997803031, 0.9038402522027701, 0.9037204236862679, 0.9038948083858214, 0.9039272213429752, 0.9040895109065319, 0.9042648501275796, 0.9036294545468992, 0.9041290592516342, 0.9038782908775136, 0.9037062156390558, 0.9037210112449532, 0.9035548241390853, 0.9037927948159341, 0.9041185291963348, 0.904168091130561, 0.9039708125518425, 0.9040755516831048, 0.9038476541876312]}