{"auc_avg_final": 0.9041822019483112, "auc_std_final": 0.0019516770308403099, "auc_min_avg_final": 0.9024310233287458, "auc_min_std_final": 0.0024236289299634853, "auc_macro_avg_final": 0.905595254820865, "auc_macro_std_final": 0.0021083846737979875, "auc_auc_minority_avg": 0.9083419088110777, "auc_auc_minority_std": 0.002679155269163776, "tn": 11988.8, "fp": 446.2, "fn": 2084.7, "tp": 1761.3, "posnegs_avg": [11988.8, 446.2, 2084.7, 1761.3], "acc_avg": [0.8592481339784351, 0.870840051052786, 0.8772399692127613, 0.8800965561742695, 0.8829779387395842, 0.8850954531948869, 0.8881124133586173, 0.8885641038025922, 0.8893458234509518, 0.89105922821553, 0.8920284721320499, 0.8921844564172595, 0.8929607793077304, 0.8940058872962074, 0.8939269171088517, 0.8944087528680077, 0.8955338409756737, 0.8958243814272071, 0.8960058429679367, 0.8955272115991193, 0.8969684052339979, 0.8963820457120656, 0.8970330387803369, 0.8972091777921216, 0.8978800788541393, 0.8978745440931428, 0.8982602042320534, 0.8980890071951894, 0.8985880421143666, 0.8979139178434046, 0.8985192695202782, 0.8986788408408071, 0.8993527539251952, 0.8994535056030306, 0.8994009954205969, 0.8994178412090242, 0.8998532744687349, 0.9000894134679743, 0.8997429054379706, 0.9001648656215648, 0.9004644902322028, 0.9005119904836402, 0.9010377844144726, 0.9005132628304731, 0.9005249962310515, 0.9002848655964735, 0.9010143594324391, 0.9006771300204642, 0.9006860960405445, 0.9013377268504492, 0.9004258838628575, 0.900860789156134, 0.9010549124819839, 0.9006544943743868, 0.9008795157596413, 0.9007163364942319, 0.9010613892187372, 0.9010407692544131, 0.9009731790960419, 0.9015077581792456, 0.9014536212329073, 0.9017879964897025, 0.9017435971262735, 0.9025085483515843, 0.902261694247424, 0.9023080685189611, 0.9027655435931952, 0.9025460214226826, 0.9030421603675567, 0.9023963999171144, 0.9029017035229059, 0.9029039826651368, 0.9034986265554361, 0.9033670520926185, 0.9036551983993313, 0.9035981100683514, 0.9031342701235191, 0.9033943662531382, 0.9031380547541966, 0.903414515752323, 0.9032473594882677, 0.9037546840032025, 0.9034885241006746, 0.9034239428282399, 0.9036694514021013, 0.9033072287909611, 0.9034965805548186, 0.9033847980376797, 0.9036294963660227, 0.9040375485546163, 0.9039325344626169, 0.9036888262020227, 0.9041211178000801, 0.9040399855640386, 0.9039503933193114, 0.9040757503239412, 0.9044807967630326, 0.9047116477341041, 0.9037923713973086, 0.9045218631423182, 0.904414356630558, 0.9045457429073199, 0.9038124874411946, 0.9037145941004509, 0.9038047017658754, 0.9045437753175586, 0.9043798035797588, 0.9047277146413562, 0.9040948407538231, 0.9040589087174263, 0.9041674701165772, 0.9042624863016234, 0.9045699227245324, 0.9046871229091223, 0.9048040899520983, 0.9041564403227517, 0.9042095934742094, 0.9043268114319265, 0.9044191083284667, 0.9042530383161447, 0.9043701412712719, 0.9044969389447068, 0.9041561068152417, 0.9043111668978219, 0.9042590926797505, 0.9041736813018961, 0.9042363127576971, 0.9040731031734233, 0.9046706252648982, 0.9038127226737643, 0.9034869433378059, 0.9039817242066442, 0.9044272494663357, 0.9044022249028281, 0.9043718192636028, 0.904293636321247, 0.9045324287438727, 0.9041618506718555, 0.903869035260003, 0.9039129401122968, 0.9042401757992314, 0.9040764319756546, 0.9044157575711955, 0.9045711009783377, 0.9047930068388904, 0.9046893529138835, 0.9041796311176935, 0.9045059844211218, 0.9044956676433522, 0.9042481099324391, 0.9049279466956724, 0.9047776728117777, 0.9046809796798788, 0.904263362412261, 0.9044462729856197, 0.9043274638102531, 0.9041070989844018, 0.904285722052123, 0.9040882835152569, 0.9038836771806217, 0.9037129600181997, 0.9042761998376999, 0.9042813739087563, 0.9041366055124715, 0.9041243295087653, 0.9045652515284367, 0.9045538861361452, 0.9044730623161396, 0.9042484883955069, 0.904390330498624, 0.9041539238569944, 0.9043187319772645, 0.904278690166505, 0.9039361047702865, 0.904430841729045, 0.9038676730020547, 0.9045162928350668, 0.9046164935459503, 0.9044627340381111, 0.9044585500348038, 0.9043657596726064, 0.9038787299783106, 0.9040907916171893, 0.9041517074434484, 0.9038460347420733, 0.9040017858856693, 0.903752784369517, 0.9034592308501347, 0.9034571639399551, 0.9042035589746871, 0.9039297419906445, 0.9044151376026894, 0.903792304486711, 0.9039431952026773, 0.9041577398520146, 0.9042779259220228, 0.904407076966633, 0.9041822019483112]}