{"score_MAT": [477.1218930232558, 105.82074725055037], "level_MAT": [2.255813953488372, 0.9874776954961602], "score_LEN": [481.1532837988827, 99.41962855014657], "level_LEN": [2.346368715083799, 0.9555430824335143], "score_ING": [455.2158344, 96.94133325793484], "level_ING": [2.08, 0.9384269610845175], "s_birth_year": [2004.5986842105262, 2.5273598726945594], "s_frequency_of_skips": [0.8230912476722532, 0.32246418336720245], "s_homeworks_day_per_week": [2.983240223463687, 0.9390101190968295], "s_extent_of_teachers_affinity": [0.7951388888888888, 0.25918739827931164], "s_weight": [6.519699365079366, 4.410847892475372], "s_frequency_of_computer_usage": [0.33190883190883186, 0.19040860732791398], "s_frequency_of_internet_usage": [0.4876984126984127, 0.24692938728915043], "s_frequency_of_work_with_teachers": [0.5861712962962963, 0.15563698972891565], "s_frequency_of_materials_in_class": [0.5018730158730159, 0.16340672172501158], "s_frequency_of_evaluations": [0.6735288959045865, 0.16681096994234065], "s_extent_of_teacher_performance": [0.815114835505897, 0.15918510390661353], "s_extent_of_class_env": [0.7127519841269842, 0.21035378616544806], "s_extent_of_classmates_affinity": [0.7799314030469809, 0.1646883074666093], "s_extent_of_school_satisfaction": [0.8265811965811966, 0.19142266365250038], "s_extent_of_math_affinity": [0.5893308080808081, 0.24013119845746597], "s_extent_of_reading_affinity": [0.7010732323232323, 0.18636252429111688], "p_number_of_abroad_students_country_no_spanish": [36.18781725888325, 61.75147898589982], "p_number_of_abroad_students_country_spanish": [25.695876288659793, 60.5509701235818], "p_number_of_teachers_1_education": [18.081818181818182, 12.258029997360104], "p_number_of_mandatory_teachers_2_education": [11.8, 20.229327425136866], "p_number_of_teachers_in_school": [31.83, 18.05717051575844], "p_number_of_teachers_1_education_more_5_years": [9.436363636363636, 8.863415450295507], "p_number_of_mandatory_teachers_2_education_more_5_years": [6.4, 11.270811535135813], "p_percentage_of_teachers_changed_school_last_year": [2.2, 0.9350785310852144], "p_attitude_teacher_training_courses": [2.8181818181818183, 0.6508664488871989], "p_age": [51.665, 8.78857040987021], "p_extent_of_satisfaction_students_results": [0.606060606060606, 0.18716086928760978], "p_extent_of_expected_students_results": [0.5757575757575757, 0.2014680620816146], "p_extent_of_students_improvement_expectation": [0.8090909090909091, 0.20916362210872377], "p_school_teacher_training_plan_main_theme": [4.732673267326732, 2.626370457909207], "p_number_of_years_of_teaching": [23.29, 8.530518667919237], "p_number_of_years_in_school": [15.11, 9.10342030813324], "p_number_of_years_as_principal": [8.864321608040202, 6.453147647676484], "p_number_of_years_as_principal_in_school": [8.24, 6.371450139836465], "p_number_of_class_hours_per_week": [8.652849740932643, 3.6924337986635525], "p_number_of_principlas_10_years": [1.9, 0.9350785310852144], "p_number_of_students": [533.1851851851852, 322.4973720866016], "p_number_of_groups": [23.868613138686133, 13.091205803362904], "p_number_of_preschool_students": [136.58955223880596, 79.38875630003075], "p_number_of_preschool_groups": [6.2727272727272725, 3.2093613071762426], "p_number_of_primary_students": [329.93283582089555, 173.72444682594434], "p_number_of_primary_groups": [13.816, 8.21032394944552], "p_extent_of_agreement": [0.7209444444444445, 0.12580248024673654], "p_extent_of_factors_limiting_effectiveness": [0.379593253968254, 0.1552078350073203], "p_extent_of_inconveniences": [0.4426612276612276, 0.18072663085202836], "p_extent_of_management": [0.7925396825396825, 0.13482098708867724], "p_extent_of_problems": [0.31832788671023965, 0.29916950309216334], "p_extent_of_satisfaction": [0.7404999999999998, 0.12753976083931656], "p_number_of_groups_evaluated_grade": [2.857142857142857, 1.2294391962708806], "p_number_of_school_tech_resources": [231.605, 160.2804043390064], "p_rate_4_grade_mandatory_2_education_students_different_nationality": [10.689754761904762, 5.076974565905978], "p_rate_3_grade_mandatory_2_education_students_different_nationality": [12.158707222222223, 6.803532265499432], "p_rate_6_grade_mandatory_2_education_students_different_nationality": [8.773149166666668, 7.615214235548132], "f_number_of_people_in_household": [3.8823529411764706, 1.0463904733482794], "f_mother_age": [39.96153846153846, 5.296863107085682], "f_father_age": [43.03157894736842, 5.769421652454203], "f_mother_education_level": [4.16, 1.691534901378226], "f_father_education_level": [3.6153846153846154, 1.4374675639288284], "f_mother_employment_status": [1.9833333333333334, 1.0123882516054774], "f_father_employment_status": [1.6203703703703705, 0.8507016630333526], "f_degree_of_years_in_spanish_education_system": [2.7222222222222223, 0.5662463427121809], "f_degree_of_start_schooling_age": [1.5241935483870968, 0.6176760757809748], "f_number_of_tech_at_home": [4.921259842519685, 2.9021237412839214], "f_extent_of_books_at_home": [0.34108527131782945, 0.29470917950497594], "f_number_of_homework_hours_a_week": [8.37037037037037, 6.191028469196666], "f_mother_occupation": [2.8620689655172415, 0.7563821408709261], "f_father_occupation": [3.0, 0.6466697906828632], "f_number_of_children_in_household": [1.816326530612245, 0.8335033840102046], "f_ESCS": [-0.19187437734375, 0.9175876982404523], "f_frequency_of_books_at_home": [0.45789930555555547, 0.23701282643461952], "f_frequency_of_tech_at_home": [0.6561679790026246, 0.3004611619339771], "f_frequency_of_see_adult_read": [0.4497663551401869, 0.29080839115606405], "f_extent_of_interest_in_interview": [0.8459362139917694, 0.21537960306691473], "f_frequency_of_support_at_home": [0.8934670781893004, 0.15401220116469394], "f_frequency_of_parent_involved_in_school_activities": [0.29681069958847733, 0.27287067922848424], "f_extent_of_family_satisfaction": [0.8109567901234569, 0.17441360048591456], "f_extent_of_teacher_satisfaction": [0.45173611111111106, 0.40872300252854643], "t_age": [48.70629370629371, 9.958952493018508], "t_number_of_years_as_teacher": [19.12676056338028, 10.795887813743915], "t_number_of_years_in_school": [9.433566433566433, 10.356707998744568], "t_number_of_students_in_group": [23.120481927710845, 3.5317293157935055], "t_number_of_students_disadvanteged_economic_situation": [2.40625, 3.320118293656262], "t_number_of_foreign_students_speaking_spanish": [2.1782945736434107, 3.3388096971523322], "t_number_of_foreign_students_not_speaking_spanish": [4.5476190476190474, 7.650994333138294], "t_number_of_teaching_hours_per_week": [15.56338028169014, 4.7690860131118935], "t_average_explanation_time": [1.7023809523809523, 0.5096599836262657], "t_seat_configuration": [2.9507042253521125, 0.9250452531674068], "t_number_of_meetings_with_families": [3.204225352112676, 2.916178234428676], "t_is_enrolled_in_school_training_plan": [1.0845070422535212, 0.2791313208443224], "t_number_of_training_hours_last_six_years": [185.09420289855072, 195.03822899387703], "t_number_of_training_hours_ceu_offer": [118.03703703703704, 147.34283528937235], "t_main_topic_of_pfc": [5.406779661016949, 2.9426626698527154], "t_extent_of_evaluation_variety": [0.6597089778907961, 0.12991635430339063], "t_extent_of_work_hampered": [0.3885836385836386, 0.2242092312407515], "t_extent_of_family_interest": [0.5944055944055944, 0.16718164635892405], "t_extent_of_family_support": [0.6924882629107982, 0.16080607135675357], "t_extent_of_work_facilitated_by_management": [0.7529137529137528, 0.20636691389533215], "t_extent_of_positive_relationships": [0.7456876456876457, 0.15246684760753418], "t_number_of_special_attention_students": [0.7230352303523035, 0.7977213687579495], "t_extent_of_student_involvement_during_class": [0.6261849261849262, 0.12720942930948007], "t_extent_of_teaching_methods_variety": [0.7545454545454546, 0.1443400314260491], "t_extent_of_opinion_on_school": [0.7261904761904762, 0.24734515909229013],