{"score_MAT": [501.57567470047405, 99.81295020395874], "level_MAT": [2.5042828453940627, 0.9504975273196756], "score_LEN": [501.6065404641333, 99.47929861874822], "level_LEN": [2.524778299426187, 0.9683250812580482], "score_ING": [501.59087477950646, 99.69229361919113], "level_ING": [2.505817064711129, 0.9818591061384713], "s_birth_year": [2005.0449366973974, 2.3525971037669695], "s_frequency_of_skips": [0.8975177145596452, 0.2576053289417083], "s_homeworks_day_per_week": [3.0599857283025598, 0.9703931877943606], "s_extent_of_teachers_affinity": [0.8022479803301721, 0.2565526977509723], "s_weight": [5.9859546183328005, 3.4536085061482926], "s_frequency_of_computer_usage": [0.3324985579769367, 0.20989021271311745], "s_frequency_of_internet_usage": [0.46164433584664205, 0.22746705267766693], "s_frequency_of_work_with_teachers": [0.5945384017942527, 0.14665162567035017], "s_frequency_of_materials_in_class": [0.48347484473866775, 0.15343463816852393], "s_frequency_of_evaluations": [0.661225940301883, 0.1616386972012403], "s_extent_of_teacher_performance": [0.8178339925251885, 0.15866155184289502], "s_extent_of_class_env": [0.7240237545137529, 0.19596744223976476], "s_extent_of_classmates_affinity": [0.7937779523031064, 0.16723031011426628], "s_extent_of_school_satisfaction": [0.8351708638583638, 0.18210168893636716], "s_extent_of_math_affinity": [0.6481694944282486, 0.24607316597541032], "s_extent_of_reading_affinity": [0.75701895565093, 0.20636055899435599], "p_number_of_abroad_students_country_no_spanish": [26.9551177093796, 50.301120507029935], "p_number_of_abroad_students_country_spanish": [18.65134598164316, 46.4474869423044], "p_number_of_teachers_1_education": [18.633771057169387, 12.809768891703246], "p_number_of_mandatory_teachers_2_education": [16.04030045547772, 22.067369175053575], "p_number_of_teachers_in_school": [33.66565714514429, 21.03662687543848], "p_number_of_teachers_1_education_more_5_years": [10.840477266083814, 9.787494101795076], "p_number_of_mandatory_teachers_2_education_more_5_years": [9.311636712708655, 13.37690941887846], "p_percentage_of_teachers_changed_school_last_year": [2.0998964390982233, 0.9272598997766508], "p_attitude_teacher_training_courses": [2.817736025051636, 0.6551143377015032], "p_age": [51.685221263568046, 7.937269537455131], "p_extent_of_satisfaction_students_results": [0.6270252927650927, 0.21825890183385133], "p_extent_of_expected_students_results": [0.6130509954904372, 0.2096168938016651], "p_extent_of_students_improvement_expectation": [0.7964903837584443, 0.20949801881848137], "p_school_teacher_training_plan_main_theme": [5.1679458363028346, 2.787307870295376], "p_number_of_years_of_teaching": [23.80421774858389, 8.372154039561869], "p_number_of_years_in_school": [15.339681697612733, 9.14166841221633], "p_number_of_years_as_principal": [8.619614739029654, 7.2991720215060765], "p_number_of_years_as_principal_in_school": [7.707164365208856, 6.971032993125891], "p_number_of_class_hours_per_week": [8.52892026417748, 4.316458737771333], "p_number_of_principlas_10_years": [2.0425557356575346, 0.9557310444118122], "p_number_of_students": [498.48161571040265, 352.85322732236904], "p_number_of_groups": [23.19540708075051, 14.289770470992478], "p_number_of_preschool_students": [132.45127980224862, 84.82666504608954], "p_number_of_preschool_groups": [6.02038381851286, 3.499164696872614], "p_number_of_primary_students": [310.51095293491335, 181.14272240829868], "p_number_of_primary_groups": [13.016453947504072, 6.977903640569916], "p_extent_of_agreement": [0.7333626903411017, 0.13807080549938366], "p_extent_of_factors_limiting_effectiveness": [0.3695381402086872, 0.15181297825048287], "p_extent_of_inconveniences": [0.4347859171905217, 0.1835904800707037], "p_extent_of_management": [0.8010820343404882, 0.13191592513426295], "p_extent_of_problems": [0.3122327993185444, 0.3062637819128367], "p_extent_of_satisfaction": [0.7459743571559433, 0.13046042138793526], "p_number_of_groups_evaluated_grade": [2.8166203729947283, 1.2007595599388179], "p_number_of_school_tech_resources": [242.72387557063388, 344.68180061655033], "p_rate_4_grade_mandatory_2_education_students_different_nationality": [8.231299399757827, 5.386778078863441], "p_rate_3_grade_mandatory_2_education_students_different_nationality": [7.368698862028889, 5.5225667489164065], "p_rate_6_grade_mandatory_2_education_students_different_nationality": [6.810111704142011, 5.441607143602791], "f_number_of_people_in_household": [3.8685717779906645, 1.0275907453853934], "f_mother_age": [41.17668030628368, 5.863733338878414], "f_father_age": [44.05910072648734, 6.500845595597922], "f_mother_education_level": [4.326175406871609, 1.7040531415182383], "f_father_education_level": [4.033591102289962, 1.707771609444253], "f_mother_employment_status": [1.8904919080068143, 1.0710357743475292], "f_father_employment_status": [1.5071863488003665, 0.8709325261803788], "f_degree_of_years_in_spanish_education_system": [2.787651769568587, 0.5073762578957018], "f_degree_of_start_schooling_age": [1.487017447451573, 0.5867598765457952], "f_number_of_tech_at_home": [5.362995024197396, 2.980357281088561], "f_extent_of_books_at_home": [0.3909724919367095, 0.2959606217465368], "f_number_of_homework_hours_a_week": [8.115304911172364, 6.123834730612531], "f_mother_occupation": [2.965794732061762, 0.7309323142413293], "f_father_occupation": [3.079562397134282, 0.658912876078653], "f_number_of_children_in_household": [1.7744716742420692, 0.7819283881083141], "f_ESCS": [-1.0627058903617019e-05, 0.9999169195743367], "f_frequency_of_books_at_home": [0.47682138074479297, 0.2480627152976249], "f_frequency_of_tech_at_home": [0.6783627229854419, 0.2881746799427402], "f_frequency_of_see_adult_read": [0.4788623693727896, 0.2906787032105803], "f_extent_of_interest_in_interview": [0.8365130500525213, 0.22371164474174923], "f_frequency_of_support_at_home": [0.9106405953564509, 0.14496140812943945], "f_frequency_of_parent_involved_in_school_activities": [0.2945562900305622, 0.2664526031963118], "f_extent_of_family_satisfaction": [0.8051591801644488, 0.18385259973632478], "f_extent_of_teacher_satisfaction": [0.43523847555135853, 0.40251191736114167], "t_age": [47.58381004182531, 10.073343781902073], "t_number_of_years_as_teacher": [18.46265042286055, 10.372397261622915], "t_number_of_years_in_school": [9.282635111136036, 9.23473135572143], "t_number_of_students_in_group": [22.878599993799796, 4.68397551882518], "t_number_of_students_disadvanteged_economic_situation": [1.960817843866171, 2.6606513173752337], "t_number_of_foreign_students_speaking_spanish": [1.2652748391554038, 2.4188876152011933], "t_number_of_foreign_students_not_speaking_spanish": [3.568285524539943, 7.080822982753056], "t_number_of_teaching_hours_per_week": [15.738832772166106, 4.587586801183395], "t_average_explanation_time": [1.7107598447032724, 0.5121968643985632], "t_seat_configuration": [3.0469902119202836, 0.9713686783522696], "t_number_of_meetings_with_families": [3.4085744786305234, 2.9570900484102096], "t_is_enrolled_in_school_training_plan": [1.1094260077974891, 0.3121758711768292], "t_number_of_training_hours_last_six_years": [195.7200341138161, 202.67557307146146], "t_number_of_training_hours_ceu_offer": [121.40825116173637, 156.77591681350074], "t_main_topic_of_pfc": [5.357909538317319, 2.9022140325417007], "t_extent_of_evaluation_variety": [0.6786777400165505, 0.12584394425947953], "t_extent_of_work_hampered": [0.3852074117745301, 0.21952403750780727], "t_extent_of_family_interest": [0.5953779874097045, 0.18154915987394904], "t_extent_of_family_support": [0.7142594383685077, 0.18079160898750266], "t_extent_of_work_facilitated_by_management": [0.7789821275325546, 0.20466438164330422], "t_extent_of_positive_relationships": [0.7597625730341951, 0.14312269485056825], "t_number_of_special_attention_students": [0.7604261874373859, 0.8172938731565991],